scenario,metric,mean,std,ci_low,ci_high,n_seeds
stress_test,pos_rmse_m,6817.443874100726,16.498990942457453,6810.0635538073,6825.540147321065,15
stress_test,vel_rmse_mps,8.129348848404113,0.07976082980451794,8.103138577989347,8.173215096665439,15
stress_test,improvement_vs_ukf_percent,4.959882377174016,0.23000791334507847,4.844163049866422,5.064770817548451,15
stress_test,improvement_vs_best_classical_percent,-0.24857020638531668,0.2426129620388898,-0.37240202405587186,-0.14156033940245125,15
test,pos_rmse_m,6184.769642699791,20.980412820665418,6176.304080524256,6195.675698869005,15
test,vel_rmse_mps,7.097695200837076,0.015057184861991176,7.091413089502391,7.105939906464994,15
test,improvement_vs_ukf_percent,0.10664560982499993,0.3388652988265585,-0.0790711021750345,0.24287747324020637,15
test,improvement_vs_best_classical_percent,-0.2809738628019202,0.34018020900476387,-0.4722680023174548,-0.13977463377619045,15
