scenario,metric,mean,std,ci_low,ci_high,n_seeds
stress_test,pos_rmse_m,6879.749457048486,89.49647908003011,6821.986114765733,6982.841417125875,3
stress_test,vel_rmse_mps,8.107187806119342,0.011260785445170824,8.094197162766262,8.114170649894834,3
stress_test,improvement_vs_ukf_percent,4.091297311969513,1.2476459000869773,2.6541205353561357,4.896560244268249,3
stress_test,improvement_vs_best_classical_percent,-1.1647560557645533,1.3160202316241518,-2.6806939627554214,-0.31536256149807246,3
test,pos_rmse_m,6185.532535749466,15.07280226594446,6170.7037298801615,6200.838025777549,3
test,vel_rmse_mps,7.094166708522406,0.0030377238284061705,7.090846182800633,7.096805923760045,3
test,improvement_vs_ukf_percent,0.0943237368732965,0.2434484815747742,-0.15288300287897336,0.33383130877357425,3
test,improvement_vs_best_classical_percent,-0.29334354872300966,0.24439314273482748,-0.5415095329283021,-0.05290660770426658,3
