scenario,metric,mean,std,ci_low,ci_high,n_seeds
stress_test,pos_rmse_m,6843.393733493479,38.97924844955594,6814.962473451048,6887.827394539101,3
stress_test,vel_rmse_mps,8.180907435279856,0.04353818665788721,8.150961307829098,8.230851855648698,3
stress_test,improvement_vs_ukf_percent,4.598122495533862,0.5433990254864868,3.9786849981117527,4.994474903928892,3
stress_test,improvement_vs_best_classical_percent,-0.6301554968873823,0.5731787451353076,-1.2835398255477024,-0.21208191666365528,3
test,pos_rmse_m,6177.638052554918,9.633555609178073,6171.372296836428,6188.730869021482,3
test,vel_rmse_mps,7.09274899938086,0.005785391804608581,7.087580471935927,7.09899871005712,3
test,improvement_vs_ukf_percent,0.2218315428286888,0.1555964474183723,0.04266583246345709,0.3230329444440445,3
test,improvement_vs_best_classical_percent,-0.16534097002921075,0.15620021343723436,-0.34520190300047626,-0.06374687328250496,3
