{
  "rows": [
    {
      "scenario": "force_model_mismatch_test",
      "trajectories": 48,
      "eval_start_step": 11,
      "mean_visible_measurements_per_traj": 26.041666666666668,
      "fit_success_rate": 0.7916666666666666,
      "best_recursive_observed_method": "EKF",
      "wls_gain_vs_best_recursive_observed_percent": -324.04559130564905,
      "wls_gain_vs_best_recursive_all_step_percent": 2.1532728915768744,
      "batchwls_all_step_pos_rmse_m": 8107.802252105941,
      "batchwls_all_step_vel_rmse_mps": 10.022571705260209,
      "batchwls_median_traj_pos_rmse_m": 4760.289169653186,
      "batchwls_max_traj_pos_rmse_m": 46254.76280438872,
      "batchwls_failure_rate_100km": 0.0,
      "batchwls_observed_step_pos_rmse_m": 1903.0566770690095,
      "batchwls_zero_visible_pos_rmse_m": 15732.317931835138,
      "batchwls_observed_steps": 1079,
      "batchwls_zero_visible_steps": 4153,
      "ekf_all_step_pos_rmse_m": 8286.227339133944,
      "ekf_all_step_vel_rmse_mps": 10.148595933109839,
      "ekf_median_traj_pos_rmse_m": 4270.162797750275,
      "ekf_max_traj_pos_rmse_m": 46254.76280438872,
      "ekf_failure_rate_100km": 0.0,
      "ekf_observed_step_pos_rmse_m": 448.78586550315055,
      "ekf_zero_visible_pos_rmse_m": 16107.442205812196,
      "ekf_observed_steps": 1079,
      "ekf_zero_visible_steps": 4153,
      "ukf_all_step_pos_rmse_m": 8287.244342032604,
      "ukf_all_step_vel_rmse_mps": 10.150075842120401,
      "ukf_median_traj_pos_rmse_m": 4072.4893134390504,
      "ukf_max_traj_pos_rmse_m": 46242.29714625956,
      "ukf_failure_rate_100km": 0.0,
      "ukf_observed_step_pos_rmse_m": 469.40639725179784,
      "ukf_zero_visible_pos_rmse_m": 16109.266856349574,
      "ukf_observed_steps": 1079,
      "ukf_zero_visible_steps": 4153,
      "aukf_all_step_pos_rmse_m": 8291.903743553328,
      "aukf_all_step_vel_rmse_mps": 10.146665370455244,
      "aukf_median_traj_pos_rmse_m": 4147.778331146899,
      "aukf_max_traj_pos_rmse_m": 46242.29714625956,
      "aukf_failure_rate_100km": 0.0,
      "aukf_observed_step_pos_rmse_m": 526.3917466162163,
      "aukf_zero_visible_pos_rmse_m": 16117.868739919772,
      "aukf_observed_steps": 1079,
      "aukf_zero_visible_steps": 4153
    }
  ]
}
