{
  "scenario": "force_model_mismatch_test",
  "trajectories": 48,
  "eval_start_step": 11,
  "max_nfev": 80,
  "huber_f_scale": 2.5,
  "prior_weight": 1.0,
  "mean_visible_measurements_per_traj": 26.041666666666668,
  "fit_success_rate": 0.7916666666666666,
  "best_recursive_observed_method": "EKF",
  "wls_gain_vs_best_recursive_observed_percent": -324.04559130564905,
  "wls_gain_vs_best_recursive_all_step_percent": 2.1532728915768744,
  "methods": {
    "BatchWLS": {
      "all_step_pos_rmse_m": 8107.802252105941,
      "all_step_vel_rmse_mps": 10.022571705260209,
      "median_traj_pos_rmse_m": 4760.289169653186,
      "max_traj_pos_rmse_m": 46254.76280438872,
      "failure_rate_100km": 0.0,
      "observed_step_pos_rmse_m": 1903.0566770690095,
      "zero_visible_pos_rmse_m": 15732.317931835138,
      "observed_steps": 1079,
      "zero_visible_steps": 4153
    },
    "EKF": {
      "all_step_pos_rmse_m": 8286.227339133944,
      "all_step_vel_rmse_mps": 10.148595933109839,
      "median_traj_pos_rmse_m": 4270.162797750275,
      "max_traj_pos_rmse_m": 46254.76280438872,
      "failure_rate_100km": 0.0,
      "observed_step_pos_rmse_m": 448.78586550315055,
      "zero_visible_pos_rmse_m": 16107.442205812196,
      "observed_steps": 1079,
      "zero_visible_steps": 4153
    },
    "UKF": {
      "all_step_pos_rmse_m": 8287.244342032604,
      "all_step_vel_rmse_mps": 10.150075842120401,
      "median_traj_pos_rmse_m": 4072.4893134390504,
      "max_traj_pos_rmse_m": 46242.29714625956,
      "failure_rate_100km": 0.0,
      "observed_step_pos_rmse_m": 469.40639725179784,
      "zero_visible_pos_rmse_m": 16109.266856349574,
      "observed_steps": 1079,
      "zero_visible_steps": 4153
    },
    "AUKF": {
      "all_step_pos_rmse_m": 8291.903743553328,
      "all_step_vel_rmse_mps": 10.146665370455244,
      "median_traj_pos_rmse_m": 4147.778331146899,
      "max_traj_pos_rmse_m": 46242.29714625956,
      "failure_rate_100km": 0.0,
      "observed_step_pos_rmse_m": 526.3917466162163,
      "zero_visible_pos_rmse_m": 16117.868739919772,
      "observed_steps": 1079,
      "zero_visible_steps": 4153
    }
  }
}
